{
    "contributions": [
        {
            "id": "work-item-open-hub",
            "type": "ms.vss-web.hub",
            "targets": [
                "ms.vss-work-web.work-hub-group"
            ],
            "properties": {
                "name": "Sample work item open",
                "uri": "dist/WorkItemOpen/WorkItemOpen.html",
                "icon": {
                    "light": "static/add-grey.png",
                    "dark": "static/add-green.png"
                }
            }
        }
    ],
    "scopes": [
        "vso.work"
    ]
}